{
    "id": "quertus-content",
    "name": "quartus-content",
    "title": "Content for Dawn of Hope",
    "description": "A collection of my content.",
    "version": "1.0.8",
    "authors": [
        {
            "name": "Admiral Benbo",
            "discord": "lightphyre1791",
            "url": "https://wiki.admiralbenbo.org/"
        }
    ],
    "compatibility": {
        "minimum": "11",
        "verified": "12"
    },
    "relationships": {
        "systems": [{
            "id": "dnd5e"
        }]
    },
    "packs": [
        {
            "name": "quartus-creatures",
            "label": "quartus Creatures",
            "path": "./packs/creatures",
            "entity": "Actor",
            "type": "Actor",
            "system": "dnd5e"
        },
        {
            "name": "quartus-items",
            "label": "quartus Items",
            "path": "./packs/items",
            "entity": "Item",
            "type": "Item",
            "system": "dnd5e"
        },
        {
            "name": "quartus-class-features",
            "label": "Quartus Class Features",
            "path": "./packs/class-features",
            "entity": "Item",
            "type": "Item",
            "system": "dnd5e"
        },
        {
            "name": "quartus-race-features",
            "label": "Quartus Race Features",
            "path": "./packs/race-features",
            "entity": "Item",
            "type": "Item",
            "system": "dnd5e"
        },
        {
            "name": "quartus-spells",
            "label": "Quartus Spells",
            "path": "./packs/spells",
            "entity": "Item",
            "type": "Item",
            "system": "dnd5e"
        },
        {
            "name": "quartus-scenes",
            "label": "quartus Scenes",
            "path": "./packs/scenes",
            "entity": "Scene",
            "type": "Scene"
        },
        {
            "name": "quartus-journal-entries",
            "label": "quartus Journal Entries",
            "path": "./packs/journal-entries",
            "entity": "JournalEntry",
            "type": "JournalEntry"
        },
        {
            "name": "quartus-macros",
            "label": "quartus Macros",
            "path": "./packs/macros",
            "entity": "Macro",
            "type": "Macro"
        },
        {
            "name": "quartus-roll-tables",
            "label": "quartus Roll Tables",
            "path": "./packs/roll-tables",
            "entity": "RollTable",
            "type": "RollTable"
        },
        {
            "name": "quartus-playlists",
            "label": "quartus Playlists",
            "path": "./packs/playlists",
            "entity": "Playlist",
            "type": "Playlist"
        },
        {
            "name": "quartus-adventures",
            "label": "quartus Adventures",
            "path": "./packs/adventures",
            "entity": "Adventure",
            "type": "Adventure"
        }
    ],
    "manifest": "https://raw.githubusercontent.com/bentomhall/quartus-content-foundry/master/module.json",
    "download": "https://github.com/bentomhall/quartus-content-foundry/archive/refs/tags/v1.0.8.zip",
    "url": "https://github.com/bentomhall/quartus-content-foundry/"
  }
